{"cameraMode":{"drawMode":0,"name":"Shaded","section":"Shading Mode"},"sceneLighting":true,"audioPlay":false,"sceneViewState":{"showFog":true,"showMaterialUpdate":false,"showSkybox":true,"showFlares":true,"showImageEffects":true,"showParticleSystems":true},"in2DMode":false,"pivot":{"x":-8.861725807189942,"y":-1.9278796911239625,"z":-11.94991683959961},"rotation":{"x":-0.05486665293574333,"y":0.9026287794113159,"z":-0.11947543174028397,"w":-0.41069141030311587},"size":8.260950088500977,"orthographic":false}