{"cameraMode":{"drawMode":0,"name":"Shaded","section":"Shading Mode"},"sceneLighting":true,"audioPlay":false,"sceneViewState":{"showFog":true,"showMaterialUpdate":false,"showSkybox":true,"showFlares":true,"showImageEffects":true,"showParticleSystems":true},"in2DMode":false,"pivot":{"x":6.6979498863220219,"y":-1.2426998615264893,"z":-15.599621772766114},"rotation":{"x":0.021322090178728105,"y":0.9607137441635132,"z":-0.07838952541351319,"w":0.26622557640075686},"size":9.263993263244629,"orthographic":false}