{"cameraMode":{"drawMode":0,"name":"Shaded","section":"Shading Mode"},"sceneLighting":false,"audioPlay":false,"sceneViewState":{"showFog":true,"showMaterialUpdate":false,"showSkybox":true,"showFlares":true,"showImageEffects":true,"showParticleSystems":true},"in2DMode":false,"pivot":{"x":8.724061012268067,"y":35.37234878540039,"z":24.310888290405275},"rotation":{"x":0.20006036758422852,"y":-0.759631872177124,"z":0.2745964229106903,"w":0.5562735199928284},"size":4.815239429473877,"orthographic":false}