{"cameraMode":{"drawMode":0,"name":"Shaded","section":"Shading Mode"},"sceneLighting":false,"audioPlay":false,"sceneViewState":{"showFog":true,"showMaterialUpdate":false,"showSkybox":true,"showFlares":true,"showImageEffects":true,"showParticleSystems":true},"in2DMode":false,"pivot":{"x":519.2989501953125,"y":386.2583923339844,"z":-271.5616760253906},"rotation":{"x":0.09273943305015564,"y":-0.0133978808298707,"z":0.0019581059459596874,"w":0.9965574145317078},"size":86.78409576416016,"orthographic":false}